id,first_name,last_name,email,gender,ip_address
1,Helen,Burns,hburns0@abc.net.au,Female,Asian
2,Denise,Peters,dpeters1@amazonaws.com,Female,Honduran
3,Chris,Crawford,ccrawford2@xrea.com,Male,Latin American Indian
4,Gloria,Holmes,gholmes3@xing.com,Female,Asian Indian
5,Eric,Martin,emartin4@geocities.com,Male,Melanesian
6,Sandra,Anderson,sanderson5@bigcartel.com,Female,Alaska Native
7,Norma,Phillips,nphillips6@dmoz.org,Female,Cheyenne
8,Bobby,Gutierrez,bgutierrez7@netscape.com,Male,Mexican
9,Jean,Ellis,jellis8@wsj.com,Female,Indonesian
10,Joseph,Gutierrez,jgutierrez9@alibaba.com,Male,Salvadoran
11,Ruth,Richards,rrichardsa@house.gov,Female,Panamanian
12,Ashley,Reed,areedb@yolasite.com,Female,Iroquois
13,Ruth,Richards,rrichardsc@hc360.com,Female,Comanche
14,Walter,Franklin,wfranklind@imdb.com,Male,Thai
15,Gary,Morgan,gmorgane@oracle.com,Male,Creek
16,Lisa,Morgan,lmorganf@theguardian.com,Female,Guatemalan
17,Margaret,Wallace,mwallaceg@livejournal.com,Female,Osage
18,Howard,Cole,hcoleh@pagesperso-orange.fr,Male,Sioux
19,Roger,Ray,rrayi@engadget.com,Male,Taiwanese
20,Wayne,Barnes,wbarnesj@360.cn,Male,Honduran
21,Juan,Porter,jporterk@wordpress.org,Male,Tlingit-Haida
22,Annie,Ryan,aryanl@chronoengine.com,Female,Chippewa
23,Randy,White,rwhitem@lulu.com,Male,Guamanian
24,Peter,Allen,pallenn@dot.gov,Male,Native Hawaiian
25,Rose,Mills,rmillso@google.com.au,Female,Central American